Date,Time,Transaction,Item
2022-10-30,09:58:11,1,SMITH Hair Styling & Volumizing Powder Ocean Dust 11gr
2022-10-30,09:58:11,1,SMITH Hair Styling & Volumizing Powder Ocean Dust 11gr
2022-10-30,10:05:34,2,SMITH Pomade Oil Based Bold Hold 85gr
2022-10-30,10:07:57,3,SMITH Hair Styling & Volumizing Powder Ocean Dust 11gr
2022-11-28,10:07:57,3,SMITH Hair Clay Clayton 55gr
2022-11-13,10:07:57,3,SMITH Pomade Oil Based Premium Medium 85gr
2022-12-15,10:08:41,4,Smith Active Dandruff Buster Shampoo 235ml
2022-12-23,10:13:03,5,SMITH Pomade Oil Based Bold Hold 85gr
2023-01-09,10:13:03,5,Smith Active Dandruff Buster Shampoo 235ml
2023-01-23,10:13:03,5,SMITH Pomade water based Dashing Slick 85gr
2023-02-11,10:16:55,6,Special Bundling Ocean Dust +Dapper Spatter
2023-01-16,10:16:55,6,Hair Clay & Hairwax Bundling (SMITH Clayton & SMITH Black Jack)
2023-02-10,10:16:55,6,SMITH Pomade Water Based Dapper Spatter 85gr
2023-02-05,10:19:12,7,SMITH Pomade water based Dashing Slick 85gr
2023-02-08,10:19:12,7,SMITH Official Tote Bag
2023-02-24,10:19:12,7,SMITH Pomade Oil Based Fine Shine 85gr
2016-10-30,10:07:57,3,SMITH Pomade Oil Based Premium Medium 85gr
2016-10-30,10:20:51,8,SMITH Hair Styling & Volumizing Powder Ocean Dust 11gr
2016-10-30,10:20:51,8,SMITH Hair Styling & Volumizing Powder Ocean Dust 11gr
2016-10-30,10:21:59,9,SMITH Hairwax Black Jack 85gr
2016-10-30,10:21:59,9,SMITH Pomade Oil Based Premium Medium 85gr
2016-10-30,10:25:58,10,SMITH x SONAR : Boldness Bundling Package (Premium Medium+DATE U 50ml)
2016-10-30,10:25:58,10,Ocean Dust Bundling - Ocean Dust 2 + Refresh Wipes 3 pcs
2016-10-30,10:27:21,11,Bread
2016-10-30,10:27:21,11,Medialuna
2016-10-30,10:27:21,11,Bread
2016-10-30,10:07:57,3,SMITH Pomade Oil Based Premium Medium 85gr
2016-10-30,10:30:14,12,Jam
2016-10-30,10:30:14,12,Coffee
2016-10-30,10:30:14,12,Tartine
2016-10-30,10:30:14,12,Pastry
2022-10-30,10:30:14,12,Tea
2016-10-30,10:31:24,13,Basket
2016-10-30,10:31:24,13,Bread
2016-10-30,10:31:24,13,Coffee
2016-10-30,10:32:46,14,Bread
2016-10-30,10:32:46,14,Medialuna
2016-10-30,10:32:46,14,SMITH Pomade Oil Based Premium Medium 85gr
2016-10-30,10:34:36,15,NONE
2016-10-30,10:34:36,15,NONE
2016-10-30,10:34:36,15,SMITH Pomade Oil Based Premium Medium 85gr
2016-10-30,10:34:36,15,Scandinavian
2016-10-30,10:37:08,16,Bread
2016-10-30,10:37:08,16,Medialuna
2016-10-30,10:37:08,16,Coffee
2016-10-30,10:38:04,17,Hot chocolate
2016-10-30,10:41:56,18,Farm House
2016-10-30,10:43:08,19,Farm House
2016-10-30,10:43:08,19,Bread
2016-10-30,10:45:22,20,SMITH Pomade Oil Based Premium Medium 85gr
2016-10-30,10:45:22,20,Medialuna
2016-10-30,10:49:29,21,Coffee
2016-10-30,10:49:29,21,Coffee
2016-10-30,10:49:29,21,Medialuna
2016-10-30,10:49:29,21,Bread
2016-10-30,10:52:15,22,Jam
2016-10-30,10:53:49,23,Scandinavian
2016-10-30,10:53:49,23,Muffin
2016-10-30,10:54:33,24,Bread
2016-10-30,10:55:22,25,Scandinavian
2016-10-30,10:56:08,26,Fudge
2016-10-30,11:02:19,27,Scandinavian
2016-10-30,11:03:24,28,Coffee
2016-10-30,11:03:24,28,Bread
2016-10-30,11:05:30,29,Bread
2016-10-30,11:05:30,29,Jam
2016-10-30,11:05:30,29,NONE
2016-10-30,11:07:19,30,Bread
2016-10-30,11:12:56,31,Basket
2016-10-30,11:16:15,32,Scandinavian
2016-10-30,11:16:15,32,Muffin
2016-10-30,11:22:49,33,Coffee
2016-10-30,11:25:45,34,Coffee
2016-10-30,11:25:45,34,Muffin
2016-10-30,11:27:34,35,Muffin
2016-10-30,11:27:34,35,Scandinavian
2016-10-30,11:33:08,36,Tea
2016-10-30,11:33:08,36,Bread
2016-10-30,11:37:10,37,Coffee
2016-10-30,11:37:10,37,Bread
2016-10-30,11:37:10,37,NONE
2016-10-30,11:42:40,38,Bread
2016-10-30,11:42:40,38,Tea
2016-10-30,11:44:31,39,Scandinavian
2016-10-30,11:55:51,40,Juice
2016-10-30,11:55:51,40,NONE
2016-10-30,11:55:51,40,Tartine
2016-10-30,11:55:51,40,Coffee
2016-10-30,11:55:51,40,Muffin
2016-10-30,11:57:06,41,Scandinavian
2016-10-30,11:57:45,42,Bread
2016-10-30,11:57:45,42,Tea
2016-10-30,12:00:22,43,Scandinavian
2016-10-30,12:00:22,43,Fudge
2016-10-30,12:05:47,44,Coffee
2016-10-30,12:05:47,44,Medialuna
2016-10-30,12:08:36,45,Coffee
2016-10-30,12:08:36,45,Hot chocolate
2016-10-30,12:08:36,45,Medialuna
2016-10-30,12:09:04,46,Coffee
2016-10-30,12:15:29,47,Ella's Kitchen Pouches
2016-10-30,12:15:29,47,Juice
2016-10-30,12:15:29,47,Bread
2016-10-30,12:15:29,47,Muffin
2016-10-30,12:15:29,47,Jam
2016-10-30,12:17:02,48,Coffee
2016-10-30,12:23:01,49,Coffee
2016-10-30,12:23:01,49,Coffee
2016-10-30,12:23:01,49,Medialuna
2016-10-30,12:25:11,50,Bread
2016-10-30,12:25:11,50,Victorian Sponge
2016-10-30,12:26:58,51,Bread
2016-10-30,12:28:07,52,Scandinavian
2016-10-30,12:33:08,54,Bread
2016-10-30,12:38:06,55,Frittata
2016-10-30,12:38:06,55,Coffee
2016-10-30,12:38:06,55,Tea
2016-10-30,12:38:06,55,Hearty & Seasonal
2016-10-30,12:39:27,56,Coffee
2016-10-30,12:39:27,56,Frittata
2016-10-30,12:45:48,57,Scandinavian
2016-10-30,12:59:29,58,Victorian Sponge
2016-10-30,12:59:29,58,Hot chocolate
2016-10-30,12:59:29,58,Tea
2016-10-30,12:59:29,58,Soup
2016-10-30,13:02:04,59,Tea
2016-10-30,13:02:04,59,NONE
2016-10-30,13:14:04,60,Cookies
2016-10-30,13:14:04,60,Coffee
2016-10-30,13:14:04,60,Juice
2016-10-30,13:14:04,60,Coffee
2016-10-30,13:15:38,61,Coffee
2016-10-30,13:24:00,62,Pick and Mix Bowls
2016-10-30,13:24:00,62,Hearty & Seasonal
2016-10-30,13:24:00,62,Hearty & Seasonal
2016-10-30,13:24:00,62,Coffee
2016-10-30,13:24:00,62,Smoothies
2016-10-30,13:24:00,62,Coffee
2016-10-30,13:33:12,63,Coffee
2016-10-30,13:34:07,64,Cake
2016-10-30,13:37:25,65,NONE
2016-10-30,13:37:25,65,Tartine
2016-10-30,13:37:25,65,Mighty Protein
2016-10-30,13:37:25,65,Tea
2016-10-30,13:37:25,65,Coffee
2016-10-30,13:40:20,66,Hearty & Seasonal
2016-10-30,13:40:20,66,Frittata
2016-10-30,13:40:20,66,Mineral water
2016-10-30,13:46:48,67,Hearty & Seasonal
2016-10-30,13:46:48,67,NONE
2016-10-30,13:46:48,67,Mineral water
2016-10-30,13:46:48,67,Muffin
2016-10-30,13:49:36,68,Frittata
2016-10-30,13:49:36,68,Coffee
2016-10-30,13:49:36,68,Tea
2016-10-30,13:49:36,68,Scandinavian
2016-10-30,13:49:36,68,Chicken sand
2016-10-30,13:51:49,69,Bread
2016-10-30,13:51:49,69,Tea
2016-10-30,13:51:49,69,Victorian Sponge
2016-10-30,13:54:42,70,Fudge
2016-10-30,13:56:08,71,Muffin
2016-10-30,14:21:38,72,Coffee
2016-10-30,14:21:38,72,Bread
2016-10-30,14:22:39,73,Bread
2016-10-30,14:24:03,74,Coffee
2016-10-30,14:24:03,74,Bread
2016-10-30,14:32:26,75,NONE
2016-10-30,14:32:26,75,Jam
2016-10-30,14:32:26,75,Frittata
2016-10-30,14:32:49,76,Coffee
2016-10-30,14:35:36,77,Scandinavian
2016-10-30,14:42:29,78,Fudge
2016-10-30,14:45:44,79,Fudge
2016-10-30,14:45:44,79,Tea
2016-10-30,14:45:44,79,Coffee
2016-10-30,14:45:44,79,Muffin
2016-10-30,14:48:40,80,Frittata
2016-10-30,14:48:40,80,Bread
2016-10-30,14:48:40,80,Coffee
2016-10-31,08:28:31,81,Coffee
2016-10-31,08:28:31,81,Cake
2016-10-31,08:47:05,82,Tartine
2016-10-31,08:47:05,82,NONE
2016-10-31,08:47:05,82,Bread
2016-10-31,08:57:47,83,Coffee
2016-10-31,08:57:47,83,Bread
2016-10-31,09:04:06,84,Bread
2016-10-31,09:10:09,85,Coffee
2016-10-31,09:10:09,85,Coffee
2016-10-31,09:10:09,85,Pastry
2016-10-31,09:10:09,85,Medialuna
2016-10-31,09:11:08,86,Juice
2016-10-31,09:12:56,87,Bread
2016-10-31,09:16:01,88,Coffee
2016-10-31,09:16:01,88,Coffee
2016-10-31,09:16:01,88,Jam
2016-10-31,09:19:41,89,Bread
2016-10-31,09:20:12,90,Bread
2016-10-31,09:20:12,90,Coffee
2016-10-31,09:22:48,91,Tea
2016-10-31,09:22:48,91,NONE
2016-10-31,09:27:11,92,Coffee
2016-10-31,09:29:23,93,Bread
2016-10-31,09:29:23,93,Coke
2016-10-31,09:39:09,94,Coffee
2016-10-31,09:39:09,94,Coffee
2016-10-31,09:43:37,95,Tea
2016-10-31,09:43:37,95,Pastry
2016-10-31,09:43:37,95,Farm House
2016-10-31,09:46:48,96,Pastry
2016-10-31,09:46:48,96,Pastry
2016-10-31,09:46:48,96,Coffee
2016-10-31,09:46:48,96,Juice
2016-10-31,09:51:11,97,Coffee
2016-10-31,09:51:11,97,Pastry
2016-10-31,09:51:11,97,Juice
2016-10-31,09:52:22,98,Farm House
2016-10-31,09:56:37,99,Pastry
2016-10-31,09:56:37,99,Pastry
2016-10-31,09:56:37,99,Coffee
2016-10-31,09:56:37,99,Bread
2016-10-31,09:58:06,100,Bread
2016-10-31,10:04:02,101,Coffee
2016-10-31,10:04:02,101,Pastry
2016-10-31,10:04:44,102,Farm House
2016-10-31,10:07:40,103,NONE
2016-10-31,10:07:40,103,Bread
2016-10-31,10:12:48,104,Coffee
2016-10-31,10:12:48,104,Coffee
2016-10-31,10:12:48,104,Medialuna
2016-10-31,10:12:48,104,Muffin
2016-10-31,10:12:48,104,Coffee
2016-10-31,10:21:29,105,Coffee
2016-10-31,10:21:29,105,Tea
2016-10-31,10:21:29,105,NONE
2016-10-31,10:21:29,105,Cake
2016-10-31,10:24:21,106,Coffee
2016-10-31,10:24:21,106,Coffee
2016-10-31,10:24:21,106,Pastry
2016-10-31,10:24:21,106,Pastry
2016-10-31,10:27:30,107,Coffee
2016-10-31,10:27:30,107,Tea
2016-10-31,10:31:05,108,Farm House
2016-10-31,10:31:05,108,Muffin
2016-10-31,10:35:23,109,Bread
2016-10-31,10:35:23,109,Muffin
2016-10-31,10:35:23,109,Pastry
2016-10-31,10:36:37,110,Pastry
2016-10-31,10:38:09,111,Coffee
2016-10-31,10:59:17,112,Coffee
2016-10-31,11:02:37,113,Coffee
2016-10-31,11:02:37,113,Cake
2016-10-31,11:05:45,114,Farm House
2016-10-31,11:08:53,115,Bread
2016-10-31,11:11:01,116,Coffee
2016-10-31,11:13:08,117,Cookies
2016-10-31,11:13:08,117,Cake
2016-10-31,11:13:08,117,Coffee
2016-10-31,11:13:08,117,My-5 Fruit Shoot
2016-10-31,11:18:29,118,Cookies
2016-10-31,11:18:29,118,Cookies
2016-10-31,11:18:29,118,Tea
2016-10-31,11:18:29,118,Pastry
2016-10-31,11:25:56,119,Coffee
2016-10-31,11:25:56,119,Coffee
2016-10-31,11:25:56,119,Muffin
2016-10-31,11:29:01,120,Farm House
2016-10-31,11:30:59,121,Coffee
2016-10-31,11:30:59,121,Bread
2016-10-31,11:37:30,122,Cookies
2016-10-31,11:42:05,123,Jam
2016-10-31,11:42:05,123,NONE
2016-10-31,11:42:05,123,Coffee
2016-10-31,11:42:05,123,Coffee
2016-10-31,11:42:05,123,Juice
2016-10-31,11:43:10,124,Coffee
2016-10-31,11:43:10,124,Soup
2016-10-31,11:47:18,125,Tea
2016-10-31,11:52:43,126,Coffee
2016-10-31,11:52:43,126,Jam
2016-10-31,11:53:11,127,Farm House
2016-10-31,11:55:00,128,NONE
2016-10-31,11:55:00,128,Tartine
2016-10-31,11:55:00,128,Coffee
2016-10-31,11:55:00,128,Tea
2016-10-31,11:59:23,129,Coffee
2016-10-31,11:59:23,129,Coffee
2016-10-31,11:59:23,129,Cake
2016-10-31,12:03:12,130,Coffee
2016-10-31,12:03:12,130,Coffee
2016-10-31,12:03:12,130,Muffin
2016-10-31,12:08:28,131,Bread
2016-10-31,12:08:28,131,Coffee
2016-10-31,12:14:20,132,Tea
2016-10-31,12:14:20,132,Juice
2016-10-31,12:14:20,132,Pick and Mix Bowls
2016-10-31,12:14:20,132,Cookies
2016-10-31,12:16:32,133,Hearty & Seasonal
2016-10-31,12:16:32,133,Soup
2016-10-31,12:19:37,134,Hearty & Seasonal
2016-10-31,12:19:37,134,Tea
2016-10-31,12:19:37,134,Farm House
2016-10-31,12:20:21,135,Bread
2016-10-31,12:27:41,136,Tea
2016-10-31,12:27:41,136,Soup
2016-10-31,12:37:07,137,Farm House
2016-10-31,12:43:35,138,Soup
2016-10-31,12:43:35,138,Hearty & Seasonal
2016-10-31,12:43:35,138,Coffee
2016-10-31,12:50:57,139,Bread
2016-10-31,12:50:57,139,Muffin
2016-10-31,12:50:57,139,Hearty & Seasonal
2016-10-31,12:53:33,140,Coffee
2016-10-31,12:53:33,140,Coffee
2016-10-31,12:53:33,140,Cookies
2016-10-31,12:54:28,141,Bread
2016-10-31,12:56:47,142,Tea
2016-10-31,12:56:47,142,Muffin
2016-10-31,12:59:08,143,Tea
2016-10-31,13:02:11,144,Soup
2016-10-31,13:02:11,144,Hearty & Seasonal
2016-10-31,13:05:49,145,Coffee
2016-10-31,13:05:49,145,Tea
2016-10-31,13:05:49,145,Focaccia
2016-10-31,13:08:30,146,Sandwich
2016-10-31,13:09:31,147,Tartine
2016-10-31,13:09:31,147,Coffee
2016-10-31,13:21:17,148,Fudge
2016-10-31,13:21:17,148,Coffee
2016-10-31,13:21:17,148,Coffee
2016-10-31,13:26:03,149,Coffee
2016-10-31,13:31:33,150,Bread
2016-10-31,13:50:17,151,Coke
2016-10-31,13:50:17,151,Soup
2016-10-31,13:51:18,152,Muffin
2016-10-31,13:55:22,153,Tea
2016-10-31,13:55:22,153,Coffee
2016-10-31,13:55:22,153,Cookies
2016-10-31,13:55:22,153,Muffin
2016-10-31,14:00:21,154,Mighty Protein
2016-10-31,14:00:21,154,Hearty & Seasonal
2016-10-31,14:00:21,154,Coffee
2016-10-31,14:00:21,154,Coke
2016-10-31,14:01:30,155,Tea
2016-10-31,14:01:30,155,Muffin
2016-10-31,14:01:30,155,Sandwich
2016-10-31,14:04:16,156,Coffee
2016-10-31,14:04:16,156,Muffin
2016-10-31,14:05:07,157,Coffee
2016-10-31,14:05:07,157,Bread
2016-10-31,14:20:29,158,Coffee
2016-10-31,14:20:29,158,Muffin
2016-10-31,14:22:31,159,Bread
2016-10-31,14:22:31,159,Hot chocolate
2016-10-31,14:22:31,159,Cookies
2016-10-31,14:35:27,160,Mineral water
2016-10-31,14:35:27,160,Muffin
2016-10-31,14:42:34,161,Tea
2016-10-31,14:44:48,162,Muffin
2016-10-31,14:47:16,163,Coffee
2016-10-31,14:47:16,163,Juice
2016-10-31,14:47:36,164,Coffee
2016-10-31,14:47:36,164,Muffin
2016-10-31,14:48:49,165,Tea
2016-10-31,14:49:28,166,Coffee
2016-10-31,14:49:28,166,Muffin
2016-10-31,14:50:42,167,Sandwich
2016-10-31,14:50:42,167,Hearty & Seasonal
2016-10-31,14:50:42,167,Bread
2016-10-31,14:50:42,167,Mineral water
2016-10-31,14:56:25,168,Tea
2016-10-31,14:56:25,168,Coffee
2016-10-31,15:05:17,169,Mineral water
2016-10-31,15:16:49,170,Coffee
2016-10-31,15:20:16,171,Soup
2016-10-31,15:20:16,171,Tea
2016-10-31,17:06:47,172,Bread
2016-10-31,17:06:47,172,Coffee
2016-10-31,17:08:09,173,Bread
2016-10-31,17:08:09,173,Muffin
2016-10-31,17:40:21,174,Coffee
2016-10-31,17:49:42,175,Bread
2016-10-31,18:22:24,176,Cookies
2016-10-31,18:22:24,176,Coffee
2016-11-01,07:51:20,178,Coffee
2016-11-01,07:51:20,178,Pastry
2016-11-01,08:20:50,179,Coffee
2016-11-01,08:20:50,179,Pastry
2016-11-01,08:22:28,180,Jam
2016-11-01,08:22:28,180,Tea
2016-11-01,08:45:20,181,Tea
2016-11-01,08:45:20,181,Tea
2016-11-01,09:07:47,182,Pastry
2016-11-01,09:07:47,182,Pastry
2016-11-01,09:07:47,182,Ella's Kitchen Pouches
2016-11-01,09:09:26,183,Pastry
2016-11-01,09:26:03,184,Farm House
2016-11-01,09:26:03,184,NONE
2016-11-01,09:26:03,184,Tea
2016-11-01,09:29:25,185,Tea
2016-11-01,09:29:25,185,Victorian Sponge
2016-11-01,09:43:13,186,Tea
2016-11-01,09:43:13,186,Pastry
2016-11-01,10:02:27,187,Bread
2016-11-01,10:04:05,188,Coffee
2016-11-01,10:29:02,189,Bread
2016-11-01,10:29:02,189,Coffee
2016-11-01,10:34:53,190,Coffee
2016-11-01,10:34:53,190,Pastry
2016-11-01,10:34:53,190,Pastry
2016-11-01,10:50:50,191,Soup
2016-11-01,10:50:50,191,Tea
2016-11-01,10:56:08,192,NONE
2016-11-01,10:56:08,192,Bread
2016-11-01,11:00:48,193,Coffee
2016-11-01,11:04:36,194,Bread
2016-11-01,11:04:36,194,Bread
2016-11-01,11:06:09,195,Bread
2016-11-01,11:06:09,195,NONE
2016-11-01,11:06:09,195,Scandinavian
2016-11-01,11:08:18,196,Bread
2016-11-01,11:08:18,196,Cake
2016-11-01,11:08:18,196,Cookies
2016-11-01,11:10:11,197,Coffee
2016-11-01,11:10:11,197,Coffee
2016-11-01,11:10:11,197,Tea
2016-11-01,11:11:58,198,Coffee
2016-11-01,11:11:58,198,Cookies
2016-11-01,11:13:20,199,Coffee
2016-11-01,11:16:30,200,Bread
2016-11-01,11:22:36,201,NONE
2016-11-01,11:22:36,201,Coffee
2016-11-01,11:22:36,201,Pastry
2016-11-01,11:23:19,202,Coffee
2016-11-01,11:23:19,202,Coffee
2016-11-01,11:25:53,203,Coffee
2016-11-01,11:30:00,204,Scandinavian
2016-11-01,11:30:00,204,Bread
2016-11-01,11:49:31,205,Coffee
2016-11-01,11:49:31,205,Coffee
2016-11-01,11:49:31,205,Pastry
2016-11-01,11:54:17,206,Scandinavian
2016-11-01,11:54:17,206,Coffee
2016-11-01,11:54:17,206,Pastry
2016-11-01,12:03:37,207,Hearty & Seasonal
2016-11-01,12:03:37,207,Coffee
2016-11-01,12:03:37,207,Muffin
2016-11-01,12:10:09,208,Bread
2016-11-01,12:10:38,209,Coffee
2016-11-01,12:12:26,210,Scandinavian
2016-11-01,12:15:36,211,Soup
2016-11-01,12:15:36,211,Coffee
2016-11-01,12:20:30,212,Coffee
2016-11-01,12:20:30,212,Cookies
2016-11-01,12:20:30,212,Tartine
2016-11-01,12:22:04,213,Bread
2016-11-01,12:26:43,214,Bread
2016-11-01,12:26:43,214,Tea
2016-11-01,12:26:43,214,Tea
2016-11-01,12:30:30,215,Pastry
2016-11-01,12:30:30,215,Coffee
2016-11-01,12:31:30,216,Tartine
2016-11-01,12:31:30,216,Coffee
2016-11-01,12:33:31,217,Bread
2016-11-01,12:33:31,217,Cookies
2016-11-01,12:37:29,218,Sandwich
2016-11-01,12:41:16,219,Tartine
2016-11-01,12:49:16,220,Bread
2016-11-01,12:49:16,220,Pastry
2016-11-01,12:53:18,221,Bread
2016-11-01,12:53:18,221,Scandinavian
2016-11-01,13:08:46,222,Scandinavian
2016-11-01,13:11:34,223,Alfajores
2016-11-01,13:11:34,223,Coffee
2016-11-01,13:15:08,224,Coffee
2016-11-01,13:19:00,225,Coffee
2016-11-01,13:19:00,225,Coke
2016-11-01,13:19:00,225,Soup
2016-11-01,13:21:52,226,Cake
2016-11-01,13:31:35,227,Tea
2016-11-01,13:31:35,227,Sandwich
2016-11-01,13:31:35,227,Soup
2016-11-01,13:33:54,228,Coffee
2016-11-01,13:37:48,229,Hearty & Seasonal
2016-11-01,13:37:48,229,Bread
2016-11-01,13:41:53,230,Alfajores
2016-11-01,13:45:21,231,Cake
2016-11-01,14:10:03,232,Tea
2016-11-01,14:10:03,232,Tea
2016-11-01,14:10:03,232,Bread
2016-11-01,14:13:26,233,Coffee
2016-11-01,14:13:26,233,Tea
2016-11-01,14:13:26,233,Bread
2016-11-01,14:13:26,233,Soup
2016-11-01,14:14:01,234,Coffee
2016-11-01,14:14:01,234,Coffee
2016-11-01,14:18:52,235,Scandinavian
2016-11-01,14:22:07,236,Fudge
2016-11-01,14:25:14,237,Coffee
2016-11-01,14:25:14,237,Sandwich
2016-11-01,14:37:16,238,Tea
2016-11-01,14:37:16,238,Bread
2016-11-01,14:37:16,238,Cookies
2016-11-01,14:37:16,238,Pastry
2016-11-01,14:37:26,239,Muffin
2016-11-01,14:42:31,240,Scandinavian
2016-11-01,14:54:33,241,Jam
2016-11-01,14:54:33,241,Tea
2016-11-01,15:02:23,242,Juice
2016-11-01,15:02:23,242,Tea
2016-11-01,15:02:23,242,Alfajores
2016-11-01,15:18:43,243,Cake
2016-11-01,15:18:43,243,Muffin
2016-11-01,15:18:43,243,Coffee
2016-11-01,15:18:43,243,Soup
2016-11-01,15:33:18,244,Hot chocolate
2016-11-01,15:33:18,244,Cake
2016-11-01,15:33:18,244,Coffee
2016-11-01,15:37:30,245,Cake
2016-11-01,15:37:30,245,Cookies
2016-11-01,15:48:44,246,Tea
2016-11-01,15:48:44,246,Bread
2016-11-01,16:07:11,247,Alfajores
2016-11-01,16:07:11,247,Coffee
2016-11-01,16:07:11,247,Coffee
2016-11-01,16:07:11,247,Coffee
2016-11-01,16:07:11,247,Juice
2016-11-01,16:08:22,248,Coffee
2016-11-01,16:08:22,248,Tea
2016-11-01,16:08:22,248,Soup
2016-11-01,16:10:03,249,Hot chocolate
2016-11-01,16:10:42,250,Cookies
2016-11-01,16:26:55,251,Coffee
2016-11-01,16:26:55,251,Medialuna
2016-11-01,16:28:57,252,Bread
2016-11-01,16:28:57,252,Eggs
2016-11-01,17:46:13,253,Scandinavian
2016-11-01,18:43:55,254,Medialuna
2016-11-02,08:02:20,255,Coffee
2016-11-02,08:02:20,255,Coffee
2016-11-02,08:02:20,255,Pastry
2016-11-02,08:05:03,256,Coffee
2016-11-02,08:05:03,256,Bread
2016-11-02,08:07:05,257,Bread
2016-11-02,08:07:05,257,Coffee
2016-11-02,08:07:05,257,Pastry
2016-11-02,08:07:05,257,NONE
2016-11-02,08:08:45,258,Coffee
2016-11-02,08:08:45,258,Pastry
2016-11-02,08:11:35,259,Pastry
2016-11-02,08:12:03,260,Coffee
2016-11-02,08:12:51,261,Coffee
2016-11-02,08:29:04,262,Coffee
2016-11-02,08:29:04,262,Hot chocolate
2016-11-02,08:29:04,262,Pastry
2016-11-02,08:53:32,263,Coke
2016-11-02,09:02:24,264,Coffee
2016-11-02,09:02:24,264,Jam
2016-11-02,09:03:13,265,Tea
2016-11-02,09:05:25,266,NONE
2016-11-02,09:05:25,266,Bread
2016-11-02,09:05:25,266,Pastry
2016-11-02,09:18:53,267,Coffee
2016-11-02,09:18:53,267,Alfajores
2016-11-02,09:18:53,267,Farm House
2016-11-02,09:22:47,268,Tea
2016-11-02,09:22:47,268,Pastry
2016-11-02,09:25:31,269,Bread
2016-11-02,09:27:58,270,Coffee
2016-11-02,09:27:58,270,Jam
2016-11-02,09:33:47,271,Coffee
2016-11-02,09:33:47,271,Tea
2016-11-02,09:33:47,271,Coffee
2016-11-02,09:33:47,271,Pastry
2016-11-02,09:35:10,272,Farm House
2016-11-02,09:52:58,274,Coffee
2016-11-02,09:52:58,274,NONE
2016-11-02,09:52:58,274,Bread
2016-11-02,09:52:58,274,Pastry
2016-11-02,09:53:28,275,Farm House
2016-11-02,09:54:47,276,Coffee
2016-11-02,09:54:47,276,Coffee
2016-11-02,09:54:47,276,Pastry
2016-11-02,10:12:15,277,Farm House
2016-11-02,10:13:27,278,Coffee
2016-11-02,10:13:27,278,Pastry
2016-11-02,10:15:48,279,NONE
2016-11-02,10:15:48,279,Coffee
2016-11-02,10:17:22,280,Coffee
2016-11-02,10:17:22,280,Pastry
2016-11-02,10:29:56,281,Bread
2016-11-02,10:29:56,281,Bread
2016-11-02,10:37:45,282,Bread
2016-11-02,10:37:45,282,Coffee
2016-11-02,10:37:45,282,Pastry
2016-11-02,10:44:50,283,Pastry
2016-11-02,10:44:50,283,Coffee
2016-11-02,10:48:08,284,Coffee
2016-11-02,10:48:08,284,Farm House
2016-11-02,10:52:20,285,Farm House
2016-11-02,10:52:20,285,Farm House
2016-11-02,10:52:20,285,Pastry
2016-11-02,10:53:48,286,Bread
2016-11-02,10:53:48,286,Juice
2016-11-02,10:53:48,286,Alfajores
2016-11-02,10:56:40,287,Coffee
2016-11-02,10:56:40,287,Pastry
2016-11-02,10:59:16,288,Bread
2016-11-02,10:59:16,288,Alfajores
2016-11-02,11:00:57,289,Bread
2016-11-02,11:03:49,290,Coffee
2016-11-02,11:03:49,290,Cookies
2016-11-02,11:04:47,291,Coffee
2016-11-02,11:15:13,292,Cookies
2016-11-02,11:29:15,293,Hearty & Seasonal
2016-11-02,11:35:36,294,Coffee
2016-11-02,11:39:45,295,Jam
2016-11-02,11:39:45,295,Tartine
2016-11-02,11:39:45,295,Bread
2016-11-02,11:58:42,296,Farm House
2016-11-02,11:58:42,296,Scandinavian
2016-11-02,12:06:51,297,Hearty & Seasonal
2016-11-02,12:06:51,297,Coffee
2016-11-02,12:06:51,297,Muffin
2016-11-02,12:06:51,297,Scandinavian
2016-11-02,12:11:56,298,Tartine
2016-11-02,12:11:56,298,Pick and Mix Bowls
2016-11-02,12:11:56,298,NONE
2016-11-02,12:11:56,298,Coffee
2016-11-02,12:11:56,298,Coke
2016-11-02,12:14:15,299,Bread
2016-11-02,12:18:15,300,Scandinavian
2016-11-02,12:18:15,300,Farm House
2016-11-02,12:18:15,300,Alfajores
2016-11-02,12:18:15,300,Coffee
2016-11-02,12:18:15,300,Coffee
2016-11-02,12:24:06,301,Juice
2016-11-02,12:24:06,301,Mineral water
2016-11-02,12:24:06,301,Soup
2016-11-02,12:27:31,302,Soup
2016-11-02,12:27:31,302,Tea
2016-11-02,12:30:42,303,Juice
2016-11-02,12:30:42,303,Tea
2016-11-02,12:30:42,303,Cookies
2016-11-02,12:30:42,303,Soup
2016-11-02,12:33:51,304,Hearty & Seasonal
2016-11-02,12:33:51,304,Tea
2016-11-02,12:35:41,305,Fudge
2016-11-02,12:39:02,306,Coffee
2016-11-02,12:39:02,306,Mineral water
2016-11-02,12:39:02,306,Juice
2016-11-02,12:39:02,306,Soup
2016-11-02,12:52:44,307,Hearty & Seasonal
2016-11-02,12:54:49,308,Hearty & Seasonal
2016-11-02,12:54:49,308,Smoothies
2016-11-02,12:56:40,309,Hearty & Seasonal
2016-11-02,12:56:40,309,Tea
2016-11-02,13:02:57,310,Coffee
2016-11-02,13:02:57,310,Sandwich
2016-11-02,13:02:57,310,Sandwich
2016-11-02,13:09:40,311,Cookies
2016-11-02,13:09:40,311,Farm House
2016-11-02,13:11:57,312,Soup
2016-11-02,13:11:57,312,Tea
2016-11-02,13:11:57,312,Juice
2016-11-02,13:12:44,313,Soup
2016-11-02,13:16:48,314,Coffee
2016-11-02,13:23:56,316,Bread
2016-11-02,13:42:15,317,Cookies
2016-11-02,13:42:15,317,Tea
2016-11-02,13:46:42,318,Soup
2016-11-02,13:46:42,318,Hearty & Seasonal
2016-11-02,13:46:42,318,Bread
2016-11-02,13:50:59,319,Coffee
2016-11-02,13:58:39,320,Coffee
2016-11-02,14:00:37,321,Coffee
2016-11-02,14:00:37,321,Tea
2016-11-02,14:01:20,322,Bread
2016-11-02,14:05:20,323,Tea
2016-11-02,14:11:14,324,Coffee
2016-11-02,14:11:14,324,Tea
2016-11-02,14:11:50,325,Coffee
2016-11-02,14:34:44,326,Fudge
2016-11-02,15:03:25,327,Tea
2016-11-02,15:25:57,328,Soup
2016-11-02,15:25:57,328,Tea
2016-11-02,15:33:54,329,Juice
2016-11-02,15:46:22,330,Alfajores
2016-11-02,15:57:42,331,Bread
2016-11-02,16:25:49,332,Coffee
2016-11-02,16:25:49,332,Alfajores
2016-11-02,16:54:35,333,Juice
2016-11-02,16:54:35,333,Alfajores
2016-11-02,16:54:35,333,Cookies
2016-11-02,16:54:35,333,Pick and Mix Bowls
2016-11-02,16:54:35,333,Mineral water
2016-11-02,17:01:56,334,Coffee
2016-11-02,17:01:56,334,Alfajores
2016-11-02,17:41:01,335,Fudge
2016-11-02,18:08:40,336,Mighty Protein
2016-11-02,18:08:40,336,Juice
2016-11-02,18:13:04,337,Coffee
2016-11-02,18:13:04,337,Mineral water
2016-11-02,18:13:04,337,Alfajores
2016-11-02,18:19:43,338,Mighty Protein
2016-11-02,18:19:43,338,Coffee
2016-11-02,18:40:02,339,Alfajores
2016-11-03,07:46:50,340,Coffee
2016-11-03,07:46:50,340,Bread
2016-11-03,07:50:50,341,Medialuna
2016-11-03,07:50:50,341,Medialuna
2016-11-03,08:01:08,342,Medialuna
2016-11-03,08:01:08,342,Bread
2016-11-03,08:07:16,343,Farm House
2016-11-03,08:08:26,344,Coffee
2016-11-03,08:08:26,344,Pastry
2016-11-03,08:09:59,345,Farm House
2016-11-03,08:15:21,346,NONE
2016-11-03,08:15:21,346,Coffee
2016-11-03,08:15:21,346,Coffee
2016-11-03,08:15:21,346,Pastry
2016-11-03,08:15:21,346,Pastry
2016-11-03,08:15:21,346,Coffee
2016-11-03,08:40:43,347,Medialuna
2016-11-03,08:49:23,348,Bread
2016-11-03,08:49:23,348,NONE
2016-11-03,08:49:23,348,Tea
2016-11-03,08:49:23,348,Sandwich
2016-11-03,08:54:40,349,Bread
2016-11-03,09:00:24,350,Jam
2016-11-03,09:00:24,350,Coffee
2016-11-03,09:00:24,350,Farm House
2016-11-03,09:02:32,351,Focaccia
2016-11-03,09:06:17,352,Bread
2016-11-03,09:08:32,353,Tartine
2016-11-03,09:08:32,353,Pastry
2016-11-03,09:08:32,353,Bread
2016-11-03,09:08:32,353,My-5 Fruit Shoot
2016-11-03,09:13:37,354,Farm House
2016-11-03,09:13:37,354,Pastry
2016-11-03,09:19:54,355,Bread
2016-11-03,09:19:54,355,Pastry
2016-11-03,09:24:38,356,Pastry
2016-11-03,09:24:38,356,Bread
2016-11-03,09:31:19,357,Jam
2016-11-03,09:31:19,357,Coffee
2016-11-03,09:34:00,358,Farm House
2016-11-03,09:34:56,359,Bread
2016-11-03,09:34:56,359,Pastry
2016-11-03,09:44:36,360,Coffee
2016-11-03,09:44:36,360,Tea
2016-11-03,09:44:36,360,Bread
2016-11-03,09:45:20,361,Jam
2016-11-03,09:57:55,363,Pastry
2016-11-03,09:57:55,363,Medialuna
2016-11-03,09:57:55,363,Medialuna
2016-11-03,09:59:18,364,Coffee
2016-11-03,10:01:12,365,Tea
2016-11-03,10:04:37,366,Bread
2016-11-03,10:10:26,367,Bread
2016-11-03,10:10:26,367,Pastry
2016-11-03,10:13:05,368,Pastry
2016-11-03,10:26:03,369,Farm House
2016-11-03,10:27:05,370,Tea
2016-11-03,10:39:12,371,Coffee
2016-11-03,10:39:12,371,Brownie
2016-11-03,10:39:12,371,Alfajores
2016-11-03,10:39:12,371,Fudge
2016-11-03,10:48:46,372,Bread
2016-11-03,10:48:46,372,Fudge
2016-11-03,10:48:46,372,Cookies
2016-11-03,11:03:49,373,Coffee
2016-11-03,11:05:44,374,Bread
2016-11-03,11:15:14,375,Coffee
2016-11-03,11:15:14,375,Coffee
2016-11-03,11:15:14,375,Jam
2016-11-03,11:15:14,375,Pastry
2016-11-03,11:20:31,376,Soup
2016-11-03,11:20:31,376,Coffee
2016-11-03,11:23:16,377,Smoothies
2016-11-03,11:23:16,377,Soup
2016-11-03,11:23:16,377,Hearty & Seasonal
2016-11-03,11:23:16,377,Pastry
2016-11-03,11:31:01,378,Pastry
2016-11-03,11:31:01,378,Bread
2016-11-03,11:47:18,379,Pastry
2016-11-03,11:47:18,379,Medialuna
2016-11-03,11:51:52,380,NONE
2016-11-03,11:51:52,380,Tea
2016-11-03,11:51:52,380,Coffee
2016-11-03,11:53:09,381,Bread
2016-11-03,11:53:09,381,Cookies
2016-11-03,12:01:18,382,Coffee
2016-11-03,12:01:18,382,Coffee
2016-11-03,12:01:18,382,Bread
2016-11-03,12:01:18,382,Hearty & Seasonal
2016-11-03,12:01:18,382,Pick and Mix Bowls
2016-11-03,12:01:18,382,Sandwich
2016-11-03,12:01:18,382,Focaccia
2016-11-03,12:02:49,383,Coffee
2016-11-03,12:05:25,384,Coffee
2016-11-03,12:05:25,384,Sandwich
2016-11-03,12:05:25,384,Brownie
2016-11-03,12:07:24,385,Brownie
2016-11-03,12:07:24,385,Cookies
2016-11-03,12:12:03,386,Coffee
2016-11-03,12:16:15,387,Coffee
2016-11-03,12:16:15,387,NONE
2016-11-03,12:23:47,388,Sandwich
2016-11-03,12:23:47,388,NONE
2016-11-03,12:23:47,388,Bread
2016-11-03,12:23:47,388,Coffee
2016-11-03,12:37:58,389,Coffee
2016-11-03,12:37:58,389,Hot chocolate
2016-11-03,12:47:09,390,Tea
2016-11-03,12:47:09,390,NONE
2016-11-03,13:02:37,391,Sandwich
2016-11-03,13:02:37,391,Coffee
2016-11-03,13:02:37,391,Brownie
2016-11-03,13:19:57,392,Brownie
2016-11-03,13:19:57,392,Pastry
2016-11-03,13:19:57,392,Focaccia
2016-11-03,13:19:57,392,Farm House
2016-11-03,13:30:57,393,Cake
2016-11-03,13:30:57,393,Focaccia
2016-11-03,13:35:48,394,Soup
2016-11-03,13:35:48,394,Hearty & Seasonal
2016-11-03,13:35:48,394,Mineral water
2016-11-03,13:36:09,395,Hearty & Seasonal
2016-11-03,13:37:53,396,Hearty & Seasonal
2016-11-03,13:41:42,397,Coffee
2016-11-03,13:41:42,397,Coffee
2016-11-03,13:41:42,397,Pastry
2016-11-03,14:00:26,398,Coffee
2016-11-03,14:03:07,399,Tea
2016-11-03,14:03:07,399,Cake
2016-11-03,14:09:44,400,Coffee
2016-11-03,14:09:44,400,Soup
2016-11-03,14:14:56,401,Bread
2016-11-03,14:14:56,401,Focaccia
2016-11-03,14:14:56,401,Fudge
2016-11-03,14:16:50,402,Hot chocolate
2016-11-03,14:16:50,402,Coffee
2016-11-03,14:16:50,402,Alfajores
2016-11-03,14:26:27,403,Brownie
2016-11-03,14:26:27,403,Pastry
2016-11-03,14:26:27,403,Cake
2016-11-03,14:40:15,404,Medialuna
2016-11-03,14:40:15,404,Alfajores
2016-11-03,14:40:15,404,Dulce de Leche
2016-11-03,14:41:13,405,Dulce de Leche
2016-11-03,14:41:13,405,Alfajores
2016-11-03,14:48:35,406,Bread
2016-11-03,14:48:35,406,Cake
2016-11-03,14:51:45,407,Cake
2016-11-03,14:51:45,407,Coffee
2016-11-03,15:00:24,408,Bread
2016-11-03,15:01:52,409,Sandwich
2016-11-03,15:06:48,410,Bread
2016-11-03,15:06:48,410,Coffee
2016-11-03,15:06:48,410,Alfajores
2016-11-03,15:06:48,410,Medialuna
2016-11-03,15:19:41,411,Coffee
2016-11-03,15:23:33,412,Bread
2016-11-03,15:23:33,412,Alfajores
2016-11-03,15:27:03,413,Tea
2016-11-03,15:27:03,413,Coffee
2016-11-03,15:33:17,414,Bread
2016-11-03,15:33:40,415,Dulce de Leche
2016-11-03,15:40:11,416,Farm House
2016-11-03,15:41:18,417,Fudge
2016-11-03,15:42:41,418,Coffee
2016-11-03,15:55:46,419,Coffee
2016-11-03,15:55:46,419,Alfajores
2016-11-03,15:55:46,419,Juice
2016-11-03,15:55:46,419,Ella's Kitchen Pouches
2016-11-03,15:55:46,419,Brownie
2016-11-03,15:59:29,420,Alfajores
2016-11-03,16:06:19,421,Alfajores
2016-11-03,16:06:19,421,Brownie
2016-11-03,16:06:19,421,Cookies
2016-11-03,16:06:19,421,Bread
2016-11-03,16:06:19,421,Juice
2016-11-03,16:10:01,422,Cake
2016-11-03,16:10:01,422,Cookies
2016-11-03,16:17:24,423,Pick and Mix Bowls
2016-11-03,16:28:32,424,Coffee
2016-11-03,16:42:40,425,Farm House
2016-11-03,17:15:20,426,Tea
2016-11-03,17:25:09,427,Coffee
2016-11-03,17:29:00,428,Focaccia
2016-11-03,17:29:00,428,Farm House
2016-11-03,17:32:25,429,Dulce de Leche
2016-11-03,17:40:05,430,Juice
2016-11-03,17:40:05,430,My-5 Fruit Shoot
2016-11-03,17:40:05,430,Ella's Kitchen Pouches
2016-11-03,17:40:05,430,Cookies
2016-11-03,17:45:07,431,Bread
2016-11-03,18:07:31,432,Hot chocolate
2016-11-03,18:08:19,433,Coffee
2016-11-03,18:51:13,435,Coffee
2016-11-03,19:00:19,436,Coffee
2016-11-04,07:32:33,437,Medialuna
2016-11-04,08:34:28,438,Bread
2016-11-04,08:34:28,438,Tea
2016-11-04,08:34:28,438,Jam
2016-11-04,08:36:49,439,Farm House
2016-11-04,08:40:07,440,Bread
2016-11-04,08:45:42,441,Coffee
2016-11-04,08:45:42,441,NONE
2016-11-04,08:53:11,442,Medialuna
2016-11-04,08:53:11,442,Coffee
2016-11-04,09:02:15,443,Bread
2016-11-04,09:05:15,444,Medialuna
2016-11-04,09:05:15,444,Pastry
2016-11-04,09:05:15,444,Medialuna
2016-11-04,09:07:34,445,Coffee
2016-11-04,09:07:34,445,Coffee
2016-11-04,09:07:34,445,Jam
2016-11-04,09:08:17,446,Bread
2016-11-04,09:08:17,446,Coffee
2016-11-04,09:09:54,447,Coffee
2016-11-04,09:09:54,447,Coffee
2016-11-04,09:11:33,448,Bread
2016-11-04,09:13:17,449,Hot chocolate
2016-11-04,09:14:38,450,Bread
2016-11-04,09:14:38,450,Medialuna
2016-11-04,09:22:21,451,Bread
2016-11-04,09:22:21,451,Jam
2016-11-04,09:23:35,452,Jam
2016-11-04,09:23:35,452,Bread
2016-11-04,09:24:29,453,Coffee
2016-11-04,09:24:29,453,Bread
2016-11-04,09:29:16,454,Bread
2016-11-04,09:29:16,454,Farm House
2016-11-04,09:30:11,455,Bread
2016-11-04,09:30:11,455,Coffee
2016-11-04,09:30:11,455,Coffee
2016-11-04,09:38:45,456,Tea
2016-11-04,09:38:45,456,Pastry
2016-11-04,09:40:56,457,Coffee
2016-11-04,09:40:56,457,Coffee
2016-11-04,09:52:19,458,Bread
2016-11-04,09:55:18,459,Pastry
2016-11-04,09:55:18,459,Brownie
2016-11-04,10:01:40,460,Farm House
2016-11-04,10:01:57,461,Coffee
2016-11-04,10:10:37,462,Tea
2016-11-04,10:10:37,462,Coffee
2016-11-04,10:10:37,462,Honey
2016-11-04,10:10:37,462,Cookies
2016-11-04,10:14:10,463,Tea
2016-11-04,10:24:15,464,Bread
2016-11-04,10:25:24,465,Brownie
2016-11-04,10:35:23,466,Bread
2016-11-04,10:35:23,466,Coffee
2016-11-04,10:36:59,467,Bread
2016-11-04,10:41:46,468,Coffee
2016-11-04,10:48:39,469,Tea
2016-11-04,10:48:39,469,Tea
2016-11-04,10:51:01,470,Tea
2016-11-04,10:54:43,471,Coffee
2016-11-04,10:54:43,471,Coffee
2016-11-04,11:00:57,473,Bread
2016-11-04,11:00:57,473,Coffee
2016-11-04,11:06:54,474,Bread
2016-11-04,11:06:54,474,Bread
2016-11-04,11:10:13,475,Bread
2016-11-04,11:10:13,475,The BART
2016-11-04,11:12:22,476,Coffee
2016-11-04,11:12:22,476,NONE
2016-11-04,11:12:22,476,Brownie
2016-11-04,11:13:28,477,Coffee
2016-11-04,11:17:35,478,Coffee
2016-11-04,11:17:35,478,Brownie
2016-11-04,11:25:41,479,Mineral water
2016-11-04,11:25:41,479,Coffee
2016-11-04,11:25:41,479,Coffee
2016-11-04,11:25:41,479,Tartine
2016-11-04,11:25:41,479,NONE
2016-11-04,11:33:11,480,Brownie
2016-11-04,11:33:11,480,Coffee
2016-11-04,11:36:07,481,Brownie
2016-11-04,11:36:07,481,Juice
2016-11-04,11:42:12,482,Coffee
2016-11-04,11:42:12,482,Coffee
2016-11-04,11:42:12,482,Bread
2016-11-04,11:42:12,482,Tea
2016-11-04,11:42:12,482,Alfajores
2016-11-04,11:42:12,482,Medialuna
2016-11-04,11:42:12,482,Pastry
2016-11-04,11:42:12,482,Jam
2016-11-04,12:09:05,483,Bread
2016-11-04,12:13:14,484,Fudge
2016-11-04,12:13:14,484,Fudge
2016-11-04,12:17:15,485,Coffee
2016-11-04,12:17:15,485,Pick and Mix Bowls
2016-11-04,12:34:45,486,Pastry
2016-11-04,12:34:45,486,Bread
2016-11-04,12:45:42,487,Soup
2016-11-04,12:45:42,487,Scandinavian
2016-11-04,12:45:42,487,Coffee
2016-11-04,12:45:42,487,Mineral water
2016-11-04,12:51:54,488,Juice
2016-11-04,12:51:54,488,Mineral water
2016-11-04,12:51:54,488,Sandwich
2016-11-04,12:51:54,488,Pick and Mix Bowls
2016-11-04,12:54:15,489,Bread
2016-11-04,12:54:15,489,NONE
2016-11-04,12:54:15,489,NONE
2016-11-04,12:54:15,489,Pastry
2016-11-04,12:54:15,489,Bread
2016-11-04,12:56:51,490,Hearty & Seasonal
2016-11-04,12:56:51,490,Hearty & Seasonal
2016-11-04,12:56:51,490,Coffee
2016-11-04,12:56:51,490,Coffee
2016-11-04,13:01:38,491,Bread
2016-11-04,13:01:38,491,Hearty & Seasonal
2016-11-04,13:01:38,491,Coffee
2016-11-04,13:01:38,491,Mineral water
2016-11-04,13:04:40,492,Coffee
2016-11-04,13:04:40,492,Tartine
2016-11-04,13:04:40,492,Sandwich
2016-11-04,13:04:40,492,Brownie
2016-11-04,13:15:24,493,Coffee
2016-11-04,13:15:24,493,Brownie
2016-11-04,13:39:44,494,Alfajores
2016-11-04,13:39:44,494,Coffee
2016-11-04,13:39:44,494,Tartine
2016-11-04,13:55:51,495,Mighty Protein
2016-11-04,13:55:51,495,Coffee
2016-11-04,14:04:31,497,Coffee
2016-11-04,14:04:31,497,Hot chocolate
2016-11-04,14:16:07,498,Soup
2016-11-04,14:16:07,498,Jam
2016-11-04,14:16:07,498,Coffee
2016-11-04,14:16:07,498,Coffee
2016-11-04,14:17:39,499,Mineral water
2016-11-04,14:17:39,499,Brownie
2016-11-04,14:24:36,500,Scandinavian
2016-11-04,14:24:36,500,Coffee
2016-11-04,14:30:08,501,Scandinavian
2016-11-04,14:30:08,501,Coffee
2016-11-04,14:49:02,502,Coffee
2016-11-04,14:49:02,502,Coffee
2016-11-04,14:51:22,503,Coffee
2016-11-04,14:51:22,503,Coffee
2016-11-04,14:51:22,503,Hot chocolate
2016-11-04,14:51:22,503,Brownie
2016-11-04,14:51:22,503,Hearty & Seasonal
2016-11-04,15:18:24,504,Tea
2016-11-04,15:18:24,504,Cake
2016-11-04,15:20:23,505,Medialuna
2016-11-04,15:31:51,506,Alfajores
2016-11-04,15:31:51,506,Tea
2016-11-04,15:31:51,506,Coffee
2016-11-04,15:35:06,507,Coffee
2016-11-04,15:35:06,507,Juice
2016-11-04,15:35:06,507,Brownie
2016-11-04,15:35:06,507,Alfajores
2016-11-04,15:35:49,508,Coffee
2016-11-04,15:35:49,508,Sandwich
2016-11-04,15:36:38,509,Bread
2016-11-04,15:36:38,509,Soup
2016-11-04,15:37:02,510,Soup
2016-11-04,15:37:02,510,Bread
2016-11-04,15:38:27,511,Bread
2016-11-04,15:39:57,512,Tea
2016-11-04,15:39:57,512,Brownie
2016-11-04,15:39:57,512,Cookies
2016-11-04,15:41:06,513,Coffee
2016-11-04,15:41:06,513,Bread
2016-11-04,15:41:06,513,Brownie
2016-11-04,15:51:24,514,Brownie
2016-11-04,15:57:56,515,Cookies
2016-11-04,15:57:56,515,Bread
2016-11-04,15:57:56,515,Jam
2016-11-04,16:04:23,516,Coffee
2016-11-04,16:14:01,517,Tea
2016-11-04,16:14:01,517,Brownie
2016-11-04,16:14:01,517,Tea
2016-11-04,16:56:18,518,Alfajores
2016-11-04,16:56:18,518,Medialuna
2016-11-04,16:56:18,518,Scandinavian
2016-11-04,17:52:34,519,Hot chocolate
2016-11-04,17:52:34,519,Coffee
2016-11-04,17:52:34,519,Alfajores
2016-11-04,17:52:34,519,Cookies
2016-11-04,17:58:43,520,Brownie
2016-11-04,18:48:37,521,Fudge
2016-11-04,19:02:45,522,Tea
2016-11-04,19:02:45,522,Brownie
2016-11-04,20:00:47,523,Dulce de Leche
2016-11-04,20:00:47,523,Fudge
2016-11-05,08:29:32,524,Bread
2016-11-05,08:29:32,524,Scandinavian
2016-11-05,08:29:32,524,Fudge
2016-11-05,08:29:32,524,Granola
2016-11-05,08:29:32,524,Pastry
2016-11-05,08:29:32,524,Coffee
2016-11-05,08:32:12,525,Bread
2016-11-05,08:32:12,525,Fudge
2016-11-05,08:36:10,526,Hot chocolate
2016-11-05,08:36:10,526,Coffee
2016-11-05,08:36:10,526,NONE
2016-11-05,08:36:10,526,Medialuna
2016-11-05,08:36:10,526,Medialuna
2016-11-05,08:39:13,527,Bread
2016-11-05,08:42:16,528,Bread
2016-11-05,08:42:16,528,Medialuna
2016-11-05,08:50:09,529,Bread
2016-11-05,08:50:09,529,Coffee
2016-11-05,08:50:09,529,Medialuna
2016-11-05,08:50:09,529,Jam
2016-11-05,08:51:08,530,Jam
2016-11-05,08:51:08,530,Coffee
2016-11-05,08:51:08,530,Brownie
2016-11-05,08:53:55,531,Bread
2016-11-05,08:53:55,531,Coffee
2016-11-05,08:53:55,531,Jam
2016-11-05,08:57:49,532,Scandinavian
2016-11-05,09:00:47,533,Coffee
2016-11-05,09:00:47,533,Cookies
2016-11-05,09:03:58,534,Coffee
2016-11-05,09:03:58,534,Coffee
2016-11-05,09:03:58,534,Scandinavian
2016-11-05,09:09:16,535,Bread
2016-11-05,09:10:36,536,Bread
2016-11-05,09:18:53,537,NONE
2016-11-05,09:18:53,537,Jam
2016-11-05,09:18:53,537,Brownie
2016-11-05,09:18:53,537,Coffee
2016-11-05,09:18:53,537,Coffee
2016-11-05,09:19:59,538,Coffee
2016-11-05,09:26:27,539,Brownie
2016-11-05,09:26:27,539,Hot chocolate
2016-11-05,09:27:36,540,Bread
2016-11-05,09:33:49,541,Bread
2016-11-05,09:33:49,541,Bread
2016-11-05,09:33:49,541,Medialuna
2016-11-05,09:34:43,542,Coffee
2016-11-05,09:34:43,542,Hot chocolate
2016-11-05,09:34:43,542,Brownie
2016-11-05,09:36:48,543,Scandinavian
2016-11-05,09:40:12,544,NONE
2016-11-05,09:40:12,544,Basket
2016-11-05,09:40:12,544,Bread
2016-11-05,09:41:44,545,Coffee
2016-11-05,09:41:44,545,Bread
2016-11-05,09:41:44,545,Brownie
2016-11-05,09:43:52,546,Cake
2016-11-05,09:43:52,546,Fudge
2016-11-05,09:47:53,547,Coffee
2016-11-05,09:47:53,547,Hot chocolate
2016-11-05,09:47:53,547,Coffee
2016-11-05,09:47:53,547,Basket
2016-11-05,10:01:24,548,Scandinavian
2016-11-05,10:07:32,549,Scandinavian
2016-11-05,10:14:02,550,Coffee
2016-11-05,10:14:02,550,Bread
2016-11-05,10:14:02,550,Coffee
2016-11-05,10:14:02,550,Cake
2016-11-05,10:14:02,550,Medialuna
2016-11-05,10:17:23,551,Coffee
2016-11-05,10:17:23,551,Coffee
2016-11-05,10:17:23,551,Medialuna
2016-11-05,10:19:59,552,Bread
2016-11-05,10:19:59,552,Pastry
2016-11-05,10:20:46,553,Bread
2016-11-05,10:20:46,553,Brownie
2016-11-05,10:23:02,554,Medialuna
2016-11-05,10:23:02,554,Farm House
2016-11-05,10:24:34,555,Bread
2016-11-05,10:24:34,555,Medialuna
2016-11-05,10:26:16,556,Brownie
2016-11-05,10:26:16,556,Medialuna
2016-11-05,10:26:16,556,Hot chocolate
2016-11-05,10:26:16,556,Smoothies
2016-11-05,10:26:16,556,Coffee
2016-11-05,10:29:41,557,Bread
2016-11-05,10:29:41,557,Tea
2016-11-05,10:29:41,557,Coffee
2016-11-05,10:29:41,557,Brownie
2016-11-05,10:29:41,557,Medialuna
2016-11-05,10:32:09,558,Medialuna
2016-11-05,10:32:09,558,Medialuna
2016-11-05,10:32:09,558,Cookies
2016-11-05,10:33:20,559,Coffee
2016-11-05,10:33:20,559,Medialuna
2016-11-05,10:35:12,560,Bread
2016-11-05,10:35:12,560,Fudge
2016-11-05,10:38:58,562,Coffee
2016-11-05,10:38:58,562,Tea
2016-11-05,10:40:35,563,Coffee
2016-11-05,10:40:35,563,Cookies
2016-11-05,10:43:10,564,Pastry
2016-11-05,10:43:10,564,Bread
2016-11-05,10:43:10,564,Brownie
2016-11-05,10:44:58,565,Bread
2016-11-05,10:44:58,565,Coffee
2016-11-05,10:44:58,565,Bread
2016-11-05,10:52:09,566,NONE
2016-11-05,10:52:09,566,Coffee
2016-11-05,10:52:09,566,Coffee
2016-11-05,10:52:09,566,Tea
2016-11-05,10:53:49,567,Bread
2016-11-05,10:57:31,568,Medialuna
2016-11-05,10:57:31,568,Coffee
2016-11-05,11:03:33,569,My-5 Fruit Shoot
2016-11-05,11:03:33,569,Coffee
2016-11-05,11:03:33,569,Brownie
2016-11-05,11:07:57,570,Coffee
2016-11-05,11:07:57,570,Fudge
2016-11-05,11:14:43,571,Coffee
2016-11-05,11:20:07,572,Coffee
2016-11-05,11:20:07,572,Basket
2016-11-05,11:20:30,573,Farm House
2016-11-05,11:21:31,574,Farm House
2016-11-05,11:22:49,575,Coffee
2016-11-05,11:22:49,575,Brownie
2016-11-05,11:24:17,576,Scandinavian
2016-11-05,11:24:17,576,Brownie
2016-11-05,11:24:17,576,My-5 Fruit Shoot
2016-11-05,11:26:56,577,NONE
2016-11-05,11:26:56,577,Tartine
2016-11-05,11:26:56,577,Coffee
2016-11-05,11:26:56,577,Hot chocolate
2016-11-05,11:26:56,577,Brownie
2016-11-05,11:31:33,578,Brownie
2016-11-05,11:31:33,578,Bread
2016-11-05,11:31:33,578,Hot chocolate
2016-11-05,11:34:15,579,Jam
2016-11-05,11:34:15,579,Fudge
2016-11-05,11:35:46,580,Coffee
2016-11-05,11:37:53,581,Fudge
2016-11-05,11:49:10,583,Mighty Protein
2016-11-05,11:49:10,583,Hearty & Seasonal
2016-11-05,11:49:10,583,Coffee
2016-11-05,11:49:10,583,Tea
2016-11-05,11:49:10,583,Cake
2016-11-05,11:49:56,584,Coffee
2016-11-05,11:50:54,585,Scandinavian
2016-11-05,11:53:38,586,Cake
2016-11-05,11:53:38,586,Victorian Sponge
2016-11-05,11:53:38,586,Scandinavian
2016-11-05,11:56:57,587,Tea
2016-11-05,11:56:57,587,Cake
2016-11-05,11:58:21,588,Coffee
2016-11-05,11:58:21,588,Coffee
2016-11-05,12:14:47,589,Coffee
2016-11-05,12:14:47,589,Coffee
2016-11-05,12:15:45,590,Bread
2016-11-05,12:18:04,591,Frittata
2016-11-05,12:19:48,592,Coffee
2016-11-05,12:19:48,592,Coffee
2016-11-05,12:19:48,592,My-5 Fruit Shoot
2016-11-05,12:19:48,592,Brownie
2016-11-05,12:22:00,593,Focaccia
2016-11-05,12:22:00,593,Fairy Doors
2016-11-05,12:27:50,594,NONE
2016-11-05,12:27:50,594,Tea
2016-11-05,12:27:50,594,Coffee
2016-11-05,12:27:50,594,Coffee
2016-11-05,12:27:50,594,NONE
2016-11-05,12:31:46,595,Hot chocolate
2016-11-05,12:31:46,595,Hearty & Seasonal
2016-11-05,12:31:46,595,Pick and Mix Bowls
2016-11-05,12:31:46,595,Brownie
2016-11-05,12:35:28,596,Frittata
2016-11-05,12:35:28,596,Coffee
2016-11-05,12:37:20,597,Bread
2016-11-05,12:37:20,597,Brownie
2016-11-05,12:44:11,598,Frittata
2016-11-05,12:46:04,599,Scandinavian
2016-11-05,12:52:29,600,Bread
2016-11-05,12:57:51,601,Farm House
2016-11-05,12:58:46,602,Pick and Mix Bowls
2016-11-05,12:58:46,602,Jam
2016-11-05,12:58:46,602,Soup
2016-11-05,12:58:46,602,Brownie
2016-11-05,13:01:28,603,Hearty & Seasonal
2016-11-05,13:01:28,603,Coffee
2016-11-05,13:01:28,603,Tea
2016-11-05,13:03:55,604,Bread
2016-11-05,13:05:23,605,Bread
2016-11-05,13:05:23,605,Frittata
2016-11-05,13:12:16,606,Scandinavian
2016-11-05,13:23:34,608,NONE
2016-11-05,13:23:34,608,Tartine
2016-11-05,13:23:34,608,Hot chocolate
2016-11-05,13:23:34,608,Coffee
2016-11-05,13:25:20,609,Coffee
2016-11-05,13:25:20,609,Mighty Protein
2016-11-05,13:27:11,610,Frittata
2016-11-05,13:27:11,610,Coffee
2016-11-05,13:29:26,611,Scandinavian
2016-11-05,13:31:32,612,Hearty & Seasonal
2016-11-05,13:31:32,612,Coffee
2016-11-05,13:31:32,612,Mineral water
2016-11-05,13:43:24,613,Scandinavian
2016-11-05,13:45:35,615,Bread
2016-11-05,13:45:35,615,Coffee
2016-11-05,13:57:58,616,Hearty & Seasonal
2016-11-05,13:57:58,616,Soup
2016-11-05,13:57:58,616,Bread
2016-11-05,13:57:58,616,Coffee
2016-11-05,14:03:14,617,Brownie
2016-11-05,14:03:14,617,Cake
2016-11-05,14:03:14,617,Tea
2016-11-05,14:08:03,618,Mighty Protein
2016-11-05,14:08:03,618,Coffee
2016-11-05,14:12:41,620,Coffee
2016-11-05,14:12:41,620,Tea
2016-11-05,14:12:41,620,Brownie
2016-11-05,14:12:41,620,Soup
2016-11-05,14:14:11,621,Cake
2016-11-05,14:32:52,622,Hot chocolate
2016-11-05,14:32:52,622,Coffee
2016-11-05,14:32:52,622,Cake
2016-11-05,14:48:55,623,Hearty & Seasonal
2016-11-05,14:48:55,623,Coffee
2016-11-05,14:49:57,624,Coffee
2016-11-05,15:14:47,625,Frittata
2016-11-05,15:14:47,625,Coffee
2016-11-05,15:14:47,625,Brownie
2016-11-05,15:17:20,626,Sandwich
2016-11-05,15:17:20,626,Frittata
2016-11-05,15:17:20,626,Coke
2016-11-05,15:17:20,626,Mineral water
2016-11-05,15:17:20,626,Brownie
2016-11-05,15:18:59,627,Granola
2016-11-05,15:18:59,627,Scandinavian
2016-11-05,15:21:16,628,Coffee
2016-11-05,15:21:16,628,Coke
2016-11-05,15:21:16,628,Coffee
2016-11-05,15:24:18,629,Tea
2016-11-05,15:24:18,629,Tea
2016-11-05,15:24:18,629,Brownie
2016-11-05,15:24:18,629,Cake
2016-11-05,15:36:57,630,Fudge
2016-11-05,15:40:12,631,Coffee
2016-11-05,15:43:51,632,Brownie
2016-11-05,15:45:29,633,Cake
2016-11-05,15:46:54,634,Tea
2016-11-05,15:53:52,635,Coffee
2016-11-05,15:53:52,635,Coffee
2016-11-05,15:53:52,635,Coffee
2016-11-05,15:53:52,635,Soup
2016-11-05,15:53:52,635,Sandwich
2016-11-05,15:53:52,635,Cake
2016-11-05,15:56:06,636,Coffee
2016-11-05,15:56:06,636,Bread
2016-11-05,15:56:06,636,Brownie
2016-11-05,16:00:53,637,Bread
2016-11-05,16:00:53,637,Coffee
2016-11-05,16:00:53,637,Brownie
2016-11-05,16:04:24,638,Coffee
2016-11-05,16:04:24,638,Bread
2016-11-05,16:04:24,638,Brownie
2016-11-05,16:05:47,639,Brownie
2016-11-05,16:05:47,639,Coffee
2016-11-05,16:12:04,640,Coffee
2016-11-05,16:12:04,640,Soup
2016-11-05,16:12:04,640,Brownie
2016-11-05,16:20:37,641,Fudge
2016-11-05,16:20:45,642,Bread
2016-11-05,16:20:45,642,Focaccia
2016-11-05,16:33:28,643,Bread
2016-11-05,16:33:28,643,Farm House
2016-11-05,16:33:28,643,Jam
2016-11-05,16:37:10,644,Hot chocolate
2016-11-05,16:37:10,644,Brownie
2016-11-05,16:43:30,645,Hot chocolate
2016-11-05,16:45:21,646,Coffee
2016-11-05,16:45:21,646,Brownie
2016-11-05,18:45:24,647,Medialuna
2016-11-05,18:45:24,647,Pastry
2016-11-06,09:17:36,648,Bread
2016-11-06,09:42:55,650,Coffee
2016-11-06,09:42:55,650,Pastry
2016-11-06,09:42:55,650,Bread
2016-11-06,09:56:06,651,NONE
2016-11-06,09:56:06,651,Coffee
2016-11-06,09:56:06,651,Mineral water
2016-11-06,10:09:41,652,Pastry
2016-11-06,10:09:41,652,Bread
2016-11-06,10:09:41,652,Hot chocolate
2016-11-06,10:11:49,653,Bread
2016-11-06,10:12:09,654,Bread
2016-11-06,10:14:22,655,Jam
2016-11-06,10:14:22,655,Coffee
2016-11-06,10:14:22,655,Coffee
2016-11-06,10:14:22,655,Bread
2016-11-06,10:15:14,656,NONE
2016-11-06,10:15:14,656,Coffee
2016-11-06,10:15:14,656,Coffee
2016-11-06,10:15:14,656,Pastry
2016-11-06,10:18:08,657,NONE
2016-11-06,10:18:08,657,Medialuna
2016-11-06,10:18:08,657,Coffee
2016-11-06,10:18:08,657,Coffee
2016-11-06,10:18:08,657,Focaccia
2016-11-06,10:18:08,657,Hearty & Seasonal
2016-11-06,10:21:51,658,Bread
2016-11-06,10:21:51,658,Farm House
2016-11-06,10:21:51,658,Coffee
2016-11-06,10:21:51,658,Jam
2016-11-06,10:24:23,659,Farm House
2016-11-06,10:43:58,660,Coffee
2016-11-06,10:43:58,660,Tea
2016-11-06,10:43:58,660,Pastry
2016-11-06,10:43:58,660,Medialuna
2016-11-06,10:45:59,661,Pastry
2016-11-06,10:45:59,661,Medialuna
2016-11-06,10:45:59,661,Coffee
2016-11-06,10:49:53,662,Coffee
2016-11-06,10:49:53,662,Hot chocolate
2016-11-06,10:49:53,662,Basket
2016-11-06,10:49:53,662,Farm House
2016-11-06,10:54:06,663,Pastry
2016-11-06,10:54:06,663,Farm House
2016-11-06,10:56:49,664,Hot chocolate
2016-11-06,10:56:49,664,Coffee
2016-11-06,10:56:49,664,My-5 Fruit Shoot
2016-11-06,10:58:14,665,Pastry
2016-11-06,10:58:14,665,Medialuna
2016-11-06,10:58:14,665,Muffin
2016-11-06,11:02:43,666,Farm House
2016-11-06,11:06:26,667,Muffin
2016-11-06,11:06:26,667,Pastry
2016-11-06,11:06:26,667,Focaccia
2016-11-06,11:07:51,668,Coffee
2016-11-06,11:07:51,668,Tea
2016-11-06,11:09:23,669,Bread
2016-11-06,11:11:13,670,Focaccia
2016-11-06,11:14:18,671,Coffee
2016-11-06,11:14:18,671,Hot chocolate
2016-11-06,11:14:18,671,Pastry
2016-11-06,11:14:18,671,Jam
2016-11-06,11:16:02,672,Bread
2016-11-06,11:17:47,673,Coffee
2016-11-06,11:17:47,673,Pastry
2016-11-06,11:17:47,673,Bread
2016-11-06,11:19:02,674,Tea
2016-11-06,11:19:02,674,NONE
2016-11-06,11:20:27,675,Hot chocolate
2016-11-06,11:20:27,675,Coffee
2016-11-06,11:20:27,675,Mineral water
2016-11-06,11:21:18,676,Coffee
2016-11-06,11:21:18,676,Coffee
2016-11-06,11:22:40,677,Coffee
2016-11-06,11:24:38,678,NONE
2016-11-06,11:24:38,678,Jam
2016-11-06,11:24:38,678,Coffee
2016-11-06,11:24:38,678,Coffee
2016-11-06,11:33:18,680,Muffin
2016-11-06,11:35:49,681,Bread
2016-11-06,11:42:26,682,Bread
2016-11-06,11:43:40,683,Bread
2016-11-06,11:47:12,684,NONE
2016-11-06,11:47:12,684,Muffin
2016-11-06,11:47:12,684,Hot chocolate
2016-11-06,11:47:12,684,Coffee
2016-11-06,11:55:10,685,Muffin
2016-11-06,11:55:10,685,Fudge
2016-11-06,11:57:28,686,Bread
2016-11-06,12:04:08,687,Bread
2016-11-06,12:07:19,688,Farm House
2016-11-06,12:11:20,689,Coffee
2016-11-06,12:11:20,689,Muffin
2016-11-06,12:19:31,690,Focaccia
2016-11-06,12:22:28,691,Bread
2016-11-06,12:22:28,691,Tea
2016-11-06,12:23:34,692,Coffee
2016-11-06,12:23:34,692,Hot chocolate
2016-11-06,12:31:44,693,Coffee
2016-11-06,12:31:44,693,Tartine
2016-11-06,12:31:44,693,Coffee
2016-11-06,12:31:44,693,Pick and Mix Bowls
2016-11-06,12:31:44,693,Jam
2016-11-06,12:38:33,695,Jam
2016-11-06,12:39:03,696,Tartine
2016-11-06,12:39:57,697,Bread
2016-11-06,12:39:57,697,Coffee
2016-11-06,12:42:42,698,Coffee
2016-11-06,12:42:42,698,Coffee
2016-11-06,12:42:42,698,Mineral water
2016-11-06,12:42:42,698,Juice
2016-11-06,12:42:42,698,Tartine
2016-11-06,12:42:42,698,Pick and Mix Bowls
2016-11-06,12:50:29,699,Bread
2016-11-06,12:50:29,699,Tea
2016-11-06,12:50:29,699,Juice
2016-11-06,12:53:15,700,Coffee
2016-11-06,12:53:15,700,Coffee
2016-11-06,12:53:15,700,Cake
2016-11-06,12:57:40,701,Farm House
2016-11-06,12:58:12,702,Farm House
2016-11-06,13:14:44,703,Cake
2016-11-06,13:14:44,703,Brownie
2016-11-06,13:14:44,703,Coffee
2016-11-06,13:14:44,703,Coffee
2016-11-06,13:28:44,704,Focaccia
2016-11-06,13:28:44,704,Coffee
2016-11-06,13:29:28,705,Tea
2016-11-06,13:29:28,705,Coffee
2016-11-06,13:29:28,705,Muffin
2016-11-06,13:31:34,706,Coffee
2016-11-06,13:45:10,707,Tea
2016-11-06,13:45:10,707,Coffee
2016-11-06,13:47:12,708,Hearty & Seasonal
2016-11-06,13:47:12,708,Cake
2016-11-06,13:47:12,708,Coffee
2016-11-06,13:50:28,709,Bread
2016-11-06,13:50:28,709,Tea
2016-11-06,13:50:28,709,Cake
2016-11-06,13:57:57,710,Mighty Protein
2016-11-06,13:57:57,710,Coffee
2016-11-06,14:00:33,711,Hot chocolate
2016-11-06,14:00:33,711,Muffin
2016-11-06,14:10:19,712,Coffee
2016-11-06,14:10:19,712,Coffee
2016-11-06,14:10:19,712,Soup
2016-11-06,14:10:19,712,Mighty Protein
2016-11-06,14:17:10,713,Jam
2016-11-06,14:37:39,714,Coffee
2016-11-06,14:37:39,714,Alfajores
2016-11-06,14:44:24,715,Cake
2016-11-06,14:44:24,715,Hot chocolate
2016-11-06,14:44:24,715,Alfajores
2016-11-06,14:50:44,716,Hot chocolate
2016-11-06,14:50:44,716,Tea
2016-11-06,14:50:44,716,Muffin
2016-11-06,14:53:44,717,Brownie
2016-11-06,14:54:24,718,Cake
2016-11-06,14:54:24,718,Coffee
2016-11-06,14:55:50,719,Victorian Sponge
2016-11-06,14:55:50,719,Alfajores
2016-11-06,14:55:50,719,Tea
2016-11-06,14:56:49,720,Bread
2016-11-06,15:04:15,721,Tartine
2016-11-06,15:04:15,721,Tea
2016-11-06,15:04:15,721,Tartine
2016-11-06,15:12:51,722,Mighty Protein
2016-11-06,15:12:51,722,Tea
2016-11-06,15:15:18,723,Bread
2016-11-06,15:15:18,723,Fudge
2016-11-06,15:32:12,724,Medialuna
2016-11-06,15:32:12,724,Tartine
2016-11-06,15:32:12,724,Coffee
2016-11-06,15:42:40,725,Pastry
2016-11-06,15:42:40,725,Bread
2016-11-06,15:44:21,726,Pastry
2016-11-06,15:44:21,726,Bread
2016-11-06,15:47:13,727,Coffee
2016-11-06,15:47:13,727,Tea
2016-11-06,15:47:13,727,Alfajores
2016-11-06,15:47:13,727,Alfajores
2016-11-06,15:50:44,728,Alfajores
2016-11-06,15:50:44,728,Alfajores
2016-11-06,15:50:44,728,Coffee
2016-11-06,15:52:34,729,Coffee
2016-11-06,15:52:34,729,Alfajores
2016-11-06,15:56:59,730,Alfajores
2016-11-06,15:56:59,730,Pastry
2016-11-06,16:11:45,732,Alfajores
2016-11-06,16:15:53,733,Pastry
2016-11-06,16:15:53,733,Tea
2016-11-06,16:15:53,733,Alfajores
2016-11-06,16:15:53,733,Hearty & Seasonal
2016-11-06,16:23:01,734,Tea
2016-11-06,16:23:01,734,Sandwich
2016-11-06,16:29:15,735,Empanadas
2016-11-06,16:29:15,735,Tea
2016-11-06,16:51:30,736,Alfajores
2016-11-06,16:51:30,736,Alfajores
2016-11-06,16:51:30,736,Tea
2016-11-06,17:15:54,737,Alfajores
2016-11-06,17:19:48,738,Pastry
2016-11-06,17:19:48,738,Dulce de Leche
2016-11-07,08:13:03,739,Coffee
2016-11-07,08:13:03,739,Pastry
2016-11-07,09:04:36,740,Farm House
2016-11-07,09:04:36,740,Coffee
2016-11-07,09:14:07,741,Bread
2016-11-07,09:14:07,741,Scandinavian
2016-11-07,09:14:07,741,Medialuna
2016-11-07,09:16:13,742,Bread
2016-11-07,09:29:14,743,Pastry
2016-11-07,09:29:14,743,Tea
2016-11-07,09:29:14,743,Alfajores
2016-11-07,09:31:03,744,Pastry
2016-11-07,09:31:03,744,Coffee
2016-11-07,09:34:03,745,Bread
2016-11-07,09:34:03,745,Pastry
2016-11-07,09:34:03,745,Muffin
2016-11-07,09:34:03,745,Farm House
2016-11-07,09:50:01,746,Medialuna
2016-11-07,09:50:01,746,Tea
2016-11-07,09:52:43,747,Alfajores
2016-11-07,09:57:09,748,Sandwich
2016-11-07,09:57:09,748,Tea
2016-11-07,10:04:23,749,Tea
2016-11-07,10:04:23,749,Bread
2016-11-07,10:14:15,750,Bread
2016-11-07,10:14:15,750,Coffee
2016-11-07,10:14:15,750,Pastry
2016-11-07,10:25:13,751,Coffee
2016-11-07,10:25:13,751,Coffee
2016-11-07,10:25:13,751,Muffin
2016-11-07,10:25:13,751,Alfajores
2016-11-07,10:25:13,751,Empanadas
2016-11-07,10:29:47,752,Coffee
2016-11-07,10:30:06,753,Bread
2016-11-07,10:34:25,754,Coffee
2016-11-07,10:40:42,755,Coffee
2016-11-07,10:43:30,756,Bread
2016-11-07,10:45:13,757,Bread
2016-11-07,10:45:13,757,Pastry
2016-11-07,10:45:13,757,Medialuna
2016-11-07,10:45:13,757,Tea
2016-11-07,10:49:31,758,Tea
2016-11-07,10:49:31,758,Bread
2016-11-07,10:57:41,759,Muffin
2016-11-07,10:59:55,760,Coffee
2016-11-07,10:59:55,760,Muffin
2016-11-07,11:00:44,761,Coffee
2016-11-07,11:00:44,761,Bread
2016-11-07,11:00:44,761,Pastry
2016-11-07,11:00:44,761,Medialuna
2016-11-07,11:06:44,762,Coffee
2016-11-07,11:06:44,762,Coffee
2016-11-07,11:06:44,762,Muffin
2016-11-07,11:14:01,763,Muffin
2016-11-07,11:14:01,763,Hot chocolate
2016-11-07,11:14:01,763,Scandinavian
2016-11-07,11:14:01,763,Bread
2016-11-07,11:17:55,764,Farm House
2016-11-07,11:22:48,765,Muffin
2016-11-07,11:24:12,766,Coffee
2016-11-07,11:28:29,767,Bread
2016-11-07,11:29:47,768,Coffee
2016-11-07,11:29:47,768,Coffee
2016-11-07,11:29:47,768,Cookies
2016-11-07,11:31:35,769,Coffee
2016-11-07,11:31:35,769,Coffee
2016-11-07,11:33:55,770,Muffin
2016-11-07,11:34:39,771,Coffee
2016-11-07,11:34:39,771,Tea
2016-11-07,11:34:39,771,Keeping It Local
2016-11-07,11:40:01,772,Coffee
2016-11-07,11:40:01,772,Medialuna
2016-11-07,11:44:36,773,Bread
2016-11-07,11:59:40,774,Tartine
2016-11-07,11:59:40,774,Scandinavian
2016-11-07,12:04:33,775,Coffee
2016-11-07,12:04:33,775,Tea
2016-11-07,12:16:19,776,Bread
2016-11-07,12:18:13,777,Coffee
2016-11-07,12:18:13,777,Coke
2016-11-07,12:19:39,778,Coffee
2016-11-07,12:19:39,778,Muffin
2016-11-07,12:37:54,779,Coffee
2016-11-07,12:37:54,779,Bread
2016-11-07,12:37:54,779,Coffee
2016-11-07,12:37:54,779,Medialuna
2016-11-07,12:37:54,779,Muffin
2016-11-07,12:37:54,779,Scandinavian
2016-11-07,12:44:18,780,Bread
2016-11-07,12:52:52,781,Coke
2016-11-07,13:00:03,782,Bread
2016-11-07,13:00:03,782,Scandinavian
2016-11-07,13:01:39,783,Coffee
2016-11-07,13:09:02,784,Bread
2016-11-07,13:12:51,785,Scandinavian
2016-11-07,13:12:51,785,Bread
2016-11-07,13:28:28,786,Fudge
2016-11-07,13:28:28,786,Fudge
2016-11-07,13:36:49,787,Soup
2016-11-07,13:36:49,787,Hearty & Seasonal
2016-11-07,13:36:49,787,Coffee
2016-11-07,13:42:36,788,Coke
2016-11-07,13:45:52,789,NONE
2016-11-07,13:45:52,789,Coffee
2016-11-07,13:45:52,789,Cookies
2016-11-07,13:45:52,789,Tea
2016-11-07,13:57:34,790,Pastry
2016-11-07,13:57:34,790,Tea
2016-11-07,13:57:34,790,Coffee
2016-11-07,14:00:32,791,Bread
2016-11-07,14:08:35,792,Coffee
2016-11-07,14:08:35,792,Medialuna
2016-11-07,14:15:29,793,Coffee
2016-11-07,14:15:29,793,Coffee
2016-11-07,14:15:29,793,Muffin
2016-11-07,14:15:29,793,Sandwich
2016-11-07,14:15:29,793,Soup
2016-11-07,14:19:36,794,Tea
2016-11-07,14:19:36,794,Coffee
2016-11-07,14:19:36,794,Muffin
2016-11-07,14:30:37,795,Alfajores
2016-11-07,14:35:18,796,Bread
2016-11-07,14:36:10,797,Coffee
2016-11-07,14:36:10,797,Medialuna
2016-11-07,14:37:40,798,Coffee
